,Douglas,Cass,Knox,Sarpy,Adams,Lincoln,Nemaha,Buffalo,Lancaster,Dawson,Madison,Washington,Saunders,Dodge,Hall,Kearney,Gosper,Platte,Scotts Bluff,Antelope,Unknown,York,Kimball,Cuming,Colfax,Gage,Hamilton,Otoe,Merrick,Cherry,Johnson,Phelps,Seward,Cheyenne,Custer,Stanton,Burt,Polk,Clay,Franklin,Webster,Box Butte,Pierce,Wayne,Dakota,Saline,Morrill,Howard,Nance,Butler,Red Willow,Furnas,Dixon,Fillmore,Greeley,Sherman,Thurston,Jefferson,Cedar,Valley,Frontier,Hitchcock,Keith,Holt,Boone,Thomas,Dawes,Richardson,Nuckolls,Chase,Thayer,Boyd,Garden,Garfield,Banner,Sioux,Harlan,Rock,Sheridan,Hooker,McPherson,Pawnee,Deuel,Dundy,Perkins,Wheeler,Arthur,Brown,Keya Paha,Logan,Loup,Grant,Blaine
2020-02-17,0,,,,,,,,,,,,,,,,,,,,,,,,,,,,,,,,,,,,,,,,,,,,,,,,,,,,,,,,,,,,,,,,,,,,,,,,,,,,,,,,,,,,,,,,,,,,
2020-02-18,0,,,,,,,,,,,,,,,,,,,,,,,,,,,,,,,,,,,,,,,,,,,,,,,,,,,,,,,,,,,,,,,,,,,,,,,,,,,,,,,,,,,,,,,,,,,,
2020-02-19,0,,,,,,,,,,,,,,,,,,,,,,,,,,,,,,,,,,,,,,,,,,,,,,,,,,,,,,,,,,,,,,,,,,,,,,,,,,,,,,,,,,,,,,,,,,,,
2020-02-20,0,,,,,,,,,,,,,,,,,,,,,,,,,,,,,,,,,,,,,,,,,,,,,,,,,,,,,,,,,,,,,,,,,,,,,,,,,,,,,,,,,,,,,,,,,,,,
2020-02-21,0,,,,,,,,,,,,,,,,,,,,,,,,,,,,,,,,,,,,,,,,,,,,,,,,,,,,,,,,,,,,,,,,,,,,,,,,,,,,,,,,,,,,,,,,,,,,
2020-02-22,0,,,,,,,,,,,,,,,,,,,,,,,,,,,,,,,,,,,,,,,,,,,,,,,,,,,,,,,,,,,,,,,,,,,,,,,,,,,,,,,,,,,,,,,,,,,,
2020-02-23,0,,,,,,,,,,,,,,,,,,,,,,,,,,,,,,,,,,,,,,,,,,,,,,,,,,,,,,,,,,,,,,,,,,,,,,,,,,,,,,,,,,,,,,,,,,,,
2020-02-24,0,,,,,,,,,,,,,,,,,,,,,,,,,,,,,,,,,,,,,,,,,,,,,,,,,,,,,,,,,,,,,,,,,,,,,,,,,,,,,,,,,,,,,,,,,,,,
2020-02-25,0,,,,,,,,,,,,,,,,,,,,,,,,,,,,,,,,,,,,,,,,,,,,,,,,,,,,,,,,,,,,,,,,,,,,,,,,,,,,,,,,,,,,,,,,,,,,
2020-02-26,0,,,,,,,,,,,,,,,,,,,,,,,,,,,,,,,,,,,,,,,,,,,,,,,,,,,,,,,,,,,,,,,,,,,,,,,,,,,,,,,,,,,,,,,,,,,,
2020-02-27,0,,,,,,,,,,,,,,,,,,,,,,,,,,,,,,,,,,,,,,,,,,,,,,,,,,,,,,,,,,,,,,,,,,,,,,,,,,,,,,,,,,,,,,,,,,,,
2020-02-28,0,,,,,,,,,,,,,,,,,,,,,,,,,,,,,,,,,,,,,,,,,,,,,,,,,,,,,,,,,,,,,,,,,,,,,,,,,,,,,,,,,,,,,,,,,,,,
2020-02-29,0,,,,,,,,,,,,,,,,,,,,,,,,,,,,,,,,,,,,,,,,,,,,,,,,,,,,,,,,,,,,,,,,,,,,,,,,,,,,,,,,,,,,,,,,,,,,
2020-03-01,0,,,,,,,,,,,,,,,,,,,,,,,,,,,,,,,,,,,,,,,,,,,,,,,,,,,,,,,,,,,,,,,,,,,,,,,,,,,,,,,,,,,,,,,,,,,,
2020-03-02,0,,,,,,,,,,,,,,,,,,,,,,,,,,,,,,,,,,,,,,,,,,,,,,,,,,,,,,,,,,,,,,,,,,,,,,,,,,,,,,,,,,,,,,,,,,,,
2020-03-03,0,,,,,,,,,,,,,,,,,,,,,,,,,,,,,,,,,,,,,,,,,,,,,,,,,,,,,,,,,,,,,,,,,,,,,,,,,,,,,,,,,,,,,,,,,,,,
2020-03-04,0,,,,,,,,,,,,,,,,,,,,,,,,,,,,,,,,,,,,,,,,,,,,,,,,,,,,,,,,,,,,,,,,,,,,,,,,,,,,,,,,,,,,,,,,,,,,
2020-03-05,0,,,,,,,,,,,,,,,,,,,,,,,,,,,,,,,,,,,,,,,,,,,,,,,,,,,,,,,,,,,,,,,,,,,,,,,,,,,,,,,,,,,,,,,,,,,,
2020-03-06,0,,,,,,,,,,,,,,,,,,,,,,,,,,,,,,,,,,,,,,,,,,,,,,,,,,,,,,,,,,,,,,,,,,,,,,,,,,,,,,,,,,,,,,,,,,,,
2020-03-07,0,,,,,,,,,,,,,,,,,,,,,,,,,,,,,,,,,,,,,,,,,,,,,,,,,,,,,,,,,,,,,,,,,,,,,,,,,,,,,,,,,,,,,,,,,,,,
2020-03-08,0,,,,,,,,,,,,,,,,,,,,,,,,,,,,,,,,,,,,,,,,,,,,,,,,,,,,,,,,,,,,,,,,,,,,,,,,,,,,,,,,,,,,,,,,,,,,
2020-03-09,0,,,,,,,,,,,,,,,,,,,,,,,,,,,,,,,,,,,,,,,,,,,,,,,,,,,,,,,,,,,,,,,,,,,,,,,,,,,,,,,,,,,,,,,,,,,,
2020-03-10,0,,,,,,,,,,,,,,,,,,,,,,,,,,,,,,,,,,,,,,,,,,,,,,,,,,,,,,,,,,,,,,,,,,,,,,,,,,,,,,,,,,,,,,,,,,,,
2020-03-11,0,,,,,,,,,,,,,,,,,,,,,,,,,,,,,,,,,,,,,,,,,,,,,,,,,,,,,,,,,,,,,,,,,,,,,,,,,,,,,,,,,,,,,,,,,,,,
2020-03-12,0,0,,,,,,,,,,,,,,,,,,,,,,,,,,,,,,,,,,,,,,,,,,,,,,,,,,,,,,,,,,,,,,,,,,,,,,,,,,,,,,,,,,,,,,,,,,,
2020-03-13,0,0,,,,,,,,,,,,,,,,,,,,,,,,,,,,,,,,,,,,,,,,,,,,,,,,,,,,,,,,,,,,,,,,,,,,,,,,,,,,,,,,,,,,,,,,,,,
2020-03-14,0,0,,,,,,,,,,,,,,,,,,,,,,,,,,,,,,,,,,,,,,,,,,,,,,,,,,,,,,,,,,,,,,,,,,,,,,,,,,,,,,,,,,,,,,,,,,,
2020-03-15,0,0,,,,,,,,,,,,,,,,,,,,,,,,,,,,,,,,,,,,,,,,,,,,,,,,,,,,,,,,,,,,,,,,,,,,,,,,,,,,,,,,,,,,,,,,,,,
2020-03-16,0,0,,,,,,,,,,,,,,,,,,,,,,,,,,,,,,,,,,,,,,,,,,,,,,,,,,,,,,,,,,,,,,,,,,,,,,,,,,,,,,,,,,,,,,,,,,,
2020-03-17,0,0,0,0,,,,,,,,,,,,,,,,,,,,,,,,,,,,,,,,,,,,,,,,,,,,,,,,,,,,,,,,,,,,,,,,,,,,,,,,,,,,,,,,,,,,,,,,,
2020-03-18,0,0,0,0,0,0,,,,,,,,,,,,,,,,,,,,,,,,,,,,,,,,,,,,,,,,,,,,,,,,,,,,,,,,,,,,,,,,,,,,,,,,,,,,,,,,,,,,,,,
2020-03-19,0,0,0,0,0,0,0,,,,,,,,,,,,,,,,,,,,,,,,,,,,,,,,,,,,,,,,,,,,,,,,,,,,,,,,,,,,,,,,,,,,,,,,,,,,,,,,,,,,,,
2020-03-20,0,0,0,0,0,0,0,0,0,,,,,,,,,,,,,,,,,,,,,,,,,,,,,,,,,,,,,,,,,,,,,,,,,,,,,,,,,,,,,,,,,,,,,,,,,,,,,,,,,,,,
2020-03-21,0,0,0,0,0,0,0,0,0,,,,,,,,,,,,,,,,,,,,,,,,,,,,,,,,,,,,,,,,,,,,,,,,,,,,,,,,,,,,,,,,,,,,,,,,,,,,,,,,,,,,
2020-03-22,0,0,0,0,0,0,0,0,0,0,,,,,,,,,,,,,,,,,,,,,,,,,,,,,,,,,,,,,,,,,,,,,,,,,,,,,,,,,,,,,,,,,,,,,,,,,,,,,,,,,,,
2020-03-23,0,0,0,0,0,0,0,0,0,0,0,0,,,,,,,,,,,,,,,,,,,,,,,,,,,,,,,,,,,,,,,,,,,,,,,,,,,,,,,,,,,,,,,,,,,,,,,,,,,,,,,,,
2020-03-24,0,0,0,0,0,0,0,0,0,0,0,0,0,,,,,,,,,,,,,,,,,,,,,,,,,,,,,,,,,,,,,,,,,,,,,,,,,,,,,,,,,,,,,,,,,,,,,,,,,,,,,,,,
2020-03-25,0,0,0,0,0,0,0,0,0,0,0,0,0,0,,,,,,,,,,,,,,,,,,,,,,,,,,,,,,,,,,,,,,,,,,,,,,,,,,,,,,,,,,,,,,,,,,,,,,,,,,,,,,,
2020-03-26,0,0,0,0,0,0,0,0,0,0,0,0,0,0,0,0,,,,,,,,,,,,,,,,,,,,,,,,,,,,,,,,,,,,,,,,,,,,,,,,,,,,,,,,,,,,,,,,,,,,,,,,,,,,,
2020-03-27,1,0,0,0,0,0,0,0,0,0,0,0,0,0,1,0,,,,,,,,,,,,,,,,,,,,,,,,,,,,,,,,,,,,,,,,,,,,,,,,,,,,,,,,,,,,,,,,,,,,,,,,,,,,,
2020-03-28,1,0,0,0,0,0,0,0,0,0,0,0,0,0,1,0,0,0,,,,,,,,,,,,,,,,,,,,,,,,,,,,,,,,,,,,,,,,,,,,,,,,,,,,,,,,,,,,,,,,,,,,,,,,,,,
2020-03-29,1,0,0,0,0,0,0,0,0,0,0,0,0,0,1,0,0,0,0,,,,,,,,,,,,,,,,,,,,,,,,,,,,,,,,,,,,,,,,,,,,,,,,,,,,,,,,,,,,,,,,,,,,,,,,,,
2020-03-30,1,0,0,0,0,1,0,0,0,0,0,0,0,0,1,0,0,0,0,0,0,0,,,,,,,,,,,,,,,,,,,,,,,,,,,,,,,,,,,,,,,,,,,,,,,,,,,,,,,,,,,,,,,,,,,,,,,
2020-03-31,1,0,0,0,0,1,0,1,0,0,0,0,0,0,1,0,0,0,0,0,,0,0,,,,,,,,,,,,,,,,,,,,,,,,,,,,,,,,,,,,,,,,,,,,,,,,,,,,,,,,,,,,,,,,,,,,,,
2020-04-01,1,0,0,0,0,1,0,1,0,0,1,0,0,0,1,0,0,0,0,0,0,0,0,0,,,,,,,,,,,,,,,,,,,,,,,,,,,,,,,,,,,,,,,,,,,,,,,,,,,,,,,,,,,,,,,,,,,,,
2020-04-02,1,0,0,0,0,1,0,1,0,0,1,0,0,0,1,0,0,0,0,0,0,0,0,0,0,1,0,0,,,,,,,,,,,,,,,,,,,,,,,,,,,,,,,,,,,,,,,,,,,,,,,,,,,,,,,,,,,,,,,,,
2020-04-03,1,0,0,0,0,1,0,1,0,0,1,0,0,0,1,0,0,0,0,0,,0,0,0,0,1,0,0,0,,,,,,,,,,,,,,,,,,,,,,,,,,,,,,,,,,,,,,,,,,,,,,,,,,,,,,,,,,,,,,,,
2020-04-04,3,0,0,0,0,1,0,1,0,0,1,0,0,0,1,0,0,0,0,0,,0,0,0,0,1,0,0,0,0,,,,,,,,,,,,,,,,,,,,,,,,,,,,,,,,,,,,,,,,,,,,,,,,,,,,,,,,,,,,,,,
2020-04-05,3,0,0,0,0,1,0,1,0,0,1,0,0,0,1,0,0,0,0,0,,0,0,0,0,1,0,0,0,0,0,0,0,,,,,,,,,,,,,,,,,,,,,,,,,,,,,,,,,,,,,,,,,,,,,,,,,,,,,,,,,,,,
2020-04-06,4,0,0,0,0,1,0,1,0,0,1,0,0,0,1,0,0,0,0,0,,0,0,0,0,1,0,0,0,0,0,0,0,0,1,0,,,,,,,,,,,,,,,,,,,,,,,,,,,,,,,,,,,,,,,,,,,,,,,,,,,,,,,,,
2020-04-07,5,0,0,0,0,1,0,1,0,0,1,0,0,0,2,0,0,0,0,0,,0,0,0,0,1,0,0,0,0,0,0,0,0,1,0,,,,,,,,,,,,,,,,,,,,,,,,,,,,,,,,,,,,,,,,,,,,,,,,,,,,,,,,,
2020-04-08,5,0,0,0,0,1,0,1,1,0,2,0,0,0,2,0,0,0,0,0,,0,0,0,0,1,0,0,0,0,0,0,0,0,1,0,,,,,,,,,,,,,,,,,,,,,,,,,,,,,,,,,,,,,,,,,,,,,,,,,,,,,,,,,
2020-04-09,6,0,0,0,0,1,0,1,1,0,2,0,0,0,2,0,0,0,0,0,,0,0,0,0,1,0,0,0,0,0,0,0,0,1,0,0,0,,,,,,,,,,,,,,,,,,,,,,,,,,,,,,,,,,,,,,,,,,,,,,,,,,,,,,,
2020-04-10,7,0,0,0,0,1,0,1,1,0,2,0,0,0,4,0,0,0,0,0,,0,0,0,0,1,0,0,0,0,0,0,0,0,1,0,0,0,0,0,0,,,,,,,,,,,,,,,,,,,,,,,,,,,,,,,,,,,,,,,,,,,,,,,,,,,,
2020-04-11,7,0,0,0,0,1,0,1,1,0,2,0,0,0,4,0,0,0,0,0,,0,0,0,0,1,0,0,0,0,0,0,0,0,1,0,0,0,0,0,0,0,0,0,,,,,,,,,,,,,,,,,,,,,,,,,,,,,,,,,,,,,,,,,,,,,,,,,
2020-04-12,7,0,0,0,0,1,0,1,1,0,2,0,0,0,4,0,0,0,0,0,,0,0,0,0,1,0,0,0,0,0,0,0,0,1,0,0,0,0,0,0,0,0,0,0,,,,,,,,,,,,,,,,,,,,,,,,,,,,,,,,,,,,,,,,,,,,,,,,
2020-04-13,7,0,0,0,0,1,0,1,1,0,2,1,0,0,4,0,0,0,0,0,0,0,0,0,0,1,0,0,0,0,0,0,0,0,1,0,0,0,0,0,0,0,0,0,0,,,,,,,,,,,,,,,,,,,,,,,,,,,,,,,,,,,,,,,,,,,,,,,,
2020-04-14,8,0,0,0,0,1,0,1,1,0,2,1,0,0,4,0,0,0,0,0,,0,0,0,0,1,0,0,0,0,0,0,0,0,2,0,0,0,0,0,0,0,0,0,0,0,,,,,,,,,,,,,,,,,,,,,,,,,,,,,,,,,,,,,,,,,,,,,,,
2020-04-15,8,0,0,0,0,1,0,1,1,0,2,1,0,0,5,0,0,0,0,0,,0,0,0,0,1,0,0,0,0,0,0,0,0,2,0,0,0,0,0,0,0,0,0,0,0,0,,,,,,,,,,,,,,,,,,,,,,,,,,,,,,,,,,,,,,,,,,,,,,
2020-04-16,8,0,0,0,0,1,0,1,1,0,2,1,0,0,5,0,0,0,0,0,,0,0,0,0,2,1,0,0,0,0,0,0,0,2,0,0,0,0,0,0,0,0,0,0,0,0,0,0,,,,,,,,,,,,,,,,,,,,,,,,,,,,,,,,,,,,,,,,,,,,
2020-04-17,8,0,0,0,0,1,0,1,1,0,2,1,0,0,5,0,0,0,0,0,,0,0,0,0,2,1,0,0,0,0,0,0,0,2,0,0,0,0,0,0,0,0,0,0,0,0,0,0,0,0,,,,,,,,,,,,,,,,,,,,,,,,,,,,,,,,,,,,,,,,,,
2020-04-18,8,0,0,0,1,1,0,1,1,0,2,1,0,0,8,0,0,0,0,0,,0,0,0,0,2,1,0,0,0,0,0,0,0,2,0,0,0,0,0,0,0,0,0,0,0,0,0,0,0,0,0,,,,,,,,,,,,,,,,,,,,,,,,,,,,,,,,,,,,,,,,,
2020-04-19,8,0,0,0,1,1,0,1,1,0,2,1,0,0,8,0,0,0,0,0,0,0,0,0,0,2,1,0,0,0,0,0,0,0,2,0,0,0,0,0,0,0,0,0,0,0,0,0,0,0,0,0,,,,,,,,,,,,,,,,,,,,,,,,,,,,,,,,,,,,,,,,,
2020-04-20,10,0,0,0,1,1,0,1,1,0,2,1,0,0,10,0,0,0,0,0,0,0,0,0,0,2,2,0,0,0,0,0,0,0,2,0,0,0,0,0,0,0,0,0,0,0,0,0,0,0,0,0,0,,,,,,,,,,,,,,,,,,,,,,,,,,,,,,,,,,,,,,,,
2020-04-21,14,0,0,0,1,1,0,1,1,0,2,1,0,0,10,0,0,0,0,0,0,0,0,0,0,2,2,0,0,0,0,0,1,0,2,0,0,0,0,0,0,0,0,0,0,0,0,0,0,0,0,0,0,,,,,,,,,,,,,,,,,,,,,,,,,,,,,,,,,,,,,,,,
2020-04-22,14,0,0,0,1,1,0,1,1,0,2,1,0,0,13,0,0,0,0,0,0,0,0,0,0,2,3,0,0,0,0,0,1,0,2,0,0,0,0,0,0,0,0,0,0,0,0,0,0,0,0,0,0,0,,,,,,,,,,,,,,,,,,,,,,,,,,,,,,,,,,,,,,,
2020-04-23,14,0,0,0,1,1,0,1,1,0,2,1,0,0,16,0,0,0,0,0,1,0,0,0,0,2,3,0,0,0,0,0,1,0,2,0,0,0,0,0,0,0,0,0,0,0,0,0,0,0,0,0,0,0,0,0,,,,,,,,,,,,,,,,,,,,,,,,,,,,,,,,,,,,,
2020-04-24,14,0,0,0,1,1,0,1,1,0,2,1,0,0,21,0,0,0,0,0,,0,0,0,0,2,3,0,0,0,0,0,1,0,2,0,0,0,0,0,0,0,0,0,0,0,0,0,0,0,0,0,0,0,0,0,,,,,,,,,,,,,,,,,,,,,,,,,,,,,,,,,,,,,
2020-04-25,14,0,0,0,1,1,0,1,1,0,3,1,0,0,21,0,0,0,0,0,,0,0,0,0,2,3,0,0,0,0,0,1,0,2,0,0,0,0,0,0,0,0,0,1,0,0,0,0,0,0,0,0,0,0,0,0,,,,,,,,,,,,,,,,,,,,,,,,,,,,,,,,,,,,
2020-04-26,14,0,0,0,2,1,0,1,1,0,3,1,0,0,19,0,0,0,0,0,,0,0,0,0,2,6,0,0,0,0,0,1,0,2,0,0,0,0,0,0,0,0,0,1,0,0,0,0,0,0,0,0,0,0,0,0,0,,,,,,,,,,,,,,,,,,,,,,,,,,,,,,,,,,,
2020-04-27,14,0,0,0,2,1,0,1,1,0,3,1,0,0,19,0,0,0,0,0,,0,0,0,0,2,6,0,0,0,0,0,1,0,2,0,0,0,0,0,0,0,0,0,1,0,0,0,0,0,0,0,0,0,0,0,0,0,0,0,,,,,,,,,,,,,,,,,,,,,,,,,,,,,,,,,
2020-04-28,15,0,0,0,2,2,0,1,1,0,3,1,0,0,19,0,0,0,0,0,,0,0,0,0,2,6,0,0,0,0,0,1,0,2,0,0,0,0,0,0,0,0,0,1,0,0,0,0,0,0,0,0,0,0,0,0,0,0,0,,,,,,,,,,,,,,,,,,,,,,,,,,,,,,,,,
2020-04-29,16,0,0,0,2,2,0,1,1,0,3,1,0,0,27,0,0,0,0,0,,0,0,0,0,2,8,0,0,0,0,0,1,0,2,0,0,0,0,0,0,0,0,0,1,0,0,0,0,0,0,0,0,0,0,0,0,0,0,0,0,,,,,,,,,,,,,,,,,,,,,,,,,,,,,,,,
2020-04-30,16,0,0,1,2,2,0,1,1,0,3,1,0,0,28,0,0,0,0,0,,0,0,0,0,2,8,0,0,0,0,0,1,0,3,0,0,0,0,0,0,0,0,0,1,0,0,0,0,0,0,0,0,0,0,0,0,0,0,0,0,0,,,,,,,,,,,,,,,,,,,,,,,,,,,,,,,
2020-05-01,16,0,0,1,2,2,0,1,1,1,3,1,0,0,28,0,0,0,0,0,1,0,0,0,0,2,8,0,0,0,0,0,1,0,3,0,0,0,0,0,0,0,0,0,1,0,0,0,0,0,0,0,0,0,0,0,0,0,0,0,0,0,,,,,,,,,,,,,,,,,,,,,,,,,,,,,,,
2020-05-02,16,0,0,1,4,2,0,1,1,1,3,1,0,0,28,0,0,0,0,0,,0,0,0,0,2,9,0,0,0,0,0,1,0,3,0,0,0,0,0,0,0,0,0,2,0,0,0,0,0,0,0,0,0,0,0,0,0,0,0,0,0,0,,,,,,,,,,,,,,,,,,,,,,,,,,,,,,
2020-05-03,16,0,0,1,4,2,0,1,1,3,3,1,0,0,28,0,0,0,0,0,,0,0,0,0,2,9,0,0,0,0,0,1,0,3,0,0,0,0,0,0,0,0,0,2,0,0,0,0,0,0,0,0,0,0,0,0,0,0,0,0,0,0,0,,,,,,,,,,,,,,,,,,,,,,,,,,,,,
2020-05-04,16,0,0,1,4,2,0,1,1,3,3,1,0,0,28,0,0,0,0,0,1,0,0,0,0,2,9,0,0,0,0,0,1,0,3,0,0,0,0,0,0,0,0,0,2,0,0,0,0,0,0,0,0,0,0,0,0,0,0,0,0,0,0,0,0,,,,,,,,,,,,,,,,,,,,,,,,,,,,
2020-05-05,16,0,0,1,4,2,0,1,1,3,3,1,0,0,31,0,0,0,0,0,,0,0,0,0,2,9,0,0,0,0,0,1,0,3,0,0,0,0,0,0,0,0,0,3,0,0,0,0,0,0,0,0,0,0,0,0,0,0,0,0,0,0,0,0,,,,,,,,,,,,,,,,,,,,,,,,,,,,
2020-05-06,17,0,0,1,5,2,0,1,1,3,3,1,0,0,31,0,0,0,0,0,,0,0,0,1,2,9,0,0,0,0,0,1,0,4,0,0,0,0,0,0,0,0,0,3,0,0,0,0,0,0,0,0,0,0,0,0,0,0,0,0,0,0,0,0,0,,,,,,,,,,,,,,,,,,,,,,,,,,,
2020-05-07,17,0,0,1,5,2,0,1,2,3,3,1,0,0,31,0,0,0,0,0,2,0,0,0,1,3,9,0,0,0,0,0,1,0,4,0,0,0,0,0,0,0,0,0,5,0,0,0,0,0,0,0,0,0,0,0,0,0,0,0,0,0,0,0,0,0,,,,,,,,,,,,,,,,,,,,,,,,,,,
2020-05-08,17,0,0,1,5,2,0,1,2,3,3,1,1,0,34,0,0,0,0,0,0,0,0,0,1,3,8,0,0,0,0,0,1,0,4,0,0,0,0,0,0,0,0,0,5,0,0,0,0,0,0,0,0,0,0,0,0,0,0,0,0,0,0,0,0,0,,,,,,,,,,,,,,,,,,,,,,,,,,,
2020-05-09,18,0,0,1,5,2,0,1,2,3,3,1,1,0,34,0,0,0,0,0,2,0,0,0,1,3,8,0,0,0,0,0,1,0,4,0,0,0,0,0,0,0,0,0,5,0,0,0,0,0,0,0,0,0,0,0,0,0,0,0,0,0,0,0,0,0,0,,,,,,,,,,,,,,,,,,,,,,,,,,
2020-05-10,20,0,0,1,5,2,0,1,2,3,3,1,1,0,34,0,0,0,0,0,2,0,0,0,1,3,8,0,0,0,0,0,1,0,4,0,0,0,0,0,0,0,0,0,5,0,0,0,0,0,0,0,0,0,0,0,0,0,0,0,0,0,0,0,0,0,0,,,,,,,,,,,,,,,,,,,,,,,,,,
2020-05-11,21,0,0,1,5,2,0,1,2,3,3,1,1,0,35,0,0,0,0,0,,0,0,0,1,3,8,0,0,0,0,0,1,0,4,0,0,0,0,0,0,0,0,0,7,0,0,0,0,0,0,0,0,0,0,0,0,0,0,0,0,0,0,0,0,0,0,,,,,,,,,,,,,,,,,,,,,,,,,,
2020-05-12,21,0,0,1,5,2,0,1,3,3,3,1,1,0,35,0,0,1,0,0,,0,0,0,1,4,8,0,0,0,0,0,1,0,4,0,0,0,0,0,0,0,0,0,7,0,0,0,0,0,0,0,0,0,0,0,0,0,0,0,0,0,0,0,0,0,0,,,,,,,,,,,,,,,,,,,,,,,,,,
2020-05-13,21,0,0,1,5,2,0,1,3,3,3,1,1,0,35,0,0,1,0,0,3,0,0,0,1,4,9,0,0,0,0,0,1,0,4,0,0,0,0,0,0,0,0,0,7,0,0,0,0,0,0,0,0,0,0,0,0,0,0,0,0,0,0,0,0,0,0,0,,,,,,,,,,,,,,,,,,,,,,,,,
2020-05-14,23,0,0,1,7,2,0,1,5,6,3,1,1,0,37,0,0,1,0,0,0,0,0,0,1,4,9,0,0,0,0,0,1,0,4,0,0,0,0,0,0,0,0,0,9,1,0,0,0,0,0,0,0,0,0,0,0,0,0,0,0,0,0,0,0,0,0,0,,,,,,,,,,,,,,,,,,,,,,,,,
2020-05-15,24,0,0,1,8,2,0,1,5,7,3,1,1,1,37,0,0,1,0,0,0,0,0,0,1,4,9,0,0,0,0,0,1,0,4,0,0,0,0,0,0,0,0,0,10,1,0,0,0,0,0,0,0,0,0,0,0,0,0,0,0,0,0,0,0,0,0,0,,,,,,,,,,,,,,,,,,,,,,,,,
2020-05-16,24,0,0,2,8,2,0,1,5,7,3,1,1,1,39,0,0,1,0,0,0,0,0,0,1,4,9,0,0,0,0,0,1,0,4,0,0,0,0,0,0,0,0,0,14,1,0,0,0,0,0,0,0,0,0,0,0,0,0,0,0,0,0,0,0,0,0,0,0,,,,,,,,,,,,,,,,,,,,,,,,
2020-05-17,24,0,0,2,8,2,0,1,5,7,3,1,1,1,39,0,0,1,0,0,0,0,0,0,1,4,9,0,0,0,0,0,1,0,4,0,0,0,0,0,0,0,0,0,14,1,0,0,0,0,0,0,0,0,0,0,0,0,0,0,0,0,0,0,0,0,0,0,0,,,,,,,,,,,,,,,,,,,,,,,,
2020-05-18,24,0,0,2,10,2,0,1,6,7,3,1,1,1,39,0,0,1,0,0,0,0,0,0,1,4,9,0,0,0,0,0,1,0,4,0,0,0,0,0,0,0,0,0,14,1,0,0,0,0,0,0,0,0,0,0,0,0,0,0,0,0,0,0,0,0,0,0,0,,,,,,,,,,,,,,,,,,,,,,,,
2020-05-19,24,0,0,2,11,2,0,1,7,7,3,1,1,1,39,0,0,1,0,0,0,0,0,0,1,4,9,0,0,0,0,0,1,0,4,0,0,0,0,0,0,0,0,0,16,1,0,0,0,0,0,0,0,0,0,0,0,0,0,0,0,0,0,0,0,0,0,0,0,,,,,,,,,,,,,,,,,,,,,,,,
2020-05-20,24,0,0,2,11,2,0,1,7,7,3,1,1,1,39,0,0,1,0,0,0,0,0,0,2,4,12,0,0,0,0,0,1,0,4,0,0,0,0,0,0,0,0,0,17,1,0,0,0,0,0,0,0,0,0,0,0,0,0,0,0,0,0,0,0,0,0,0,0,,,,,,,,,,,,,,,,,,,,,,,,
2020-05-21,27,0,0,2,11,2,0,1,7,7,3,1,1,1,39,0,0,1,0,0,4,0,0,0,2,4,12,0,0,0,0,0,1,0,4,0,0,0,0,0,0,0,0,0,17,1,0,0,0,0,0,0,0,0,0,0,0,0,0,0,0,0,0,0,0,0,0,0,0,,,,,,,,,,,,,,,,,,,,,,,,
2020-05-22,29,0,0,2,11,2,0,1,8,7,3,1,1,1,39,0,0,1,0,0,0,0,0,0,2,4,12,0,0,0,0,0,1,0,4,0,0,0,0,0,0,0,0,0,17,1,0,2,0,0,0,0,0,0,0,0,0,0,0,0,0,0,0,0,0,0,0,0,0,,,,,,,,,,,,,,,,,,,,,,,,
2020-05-23,29,0,0,2,11,2,0,1,8,7,3,1,1,1,39,0,0,1,0,0,0,0,0,0,2,4,12,0,0,0,0,0,1,0,4,0,0,0,0,0,0,0,0,0,18,1,0,2,0,0,0,0,0,0,0,0,0,0,0,0,0,0,0,0,0,0,0,0,0,,,,,,,,,,,,,,,,,,,,,,,,
2020-05-24,29,0,0,3,11,2,0,1,8,7,3,1,1,1,40,0,0,1,0,0,0,0,0,0,3,4,12,0,0,0,0,0,1,0,4,0,0,0,0,0,0,0,0,0,18,1,0,2,0,0,0,0,0,0,0,0,0,0,0,0,0,0,0,0,0,0,0,0,0,0,,,,,,,,,,,,,,,,,,,,,,,
2020-05-25,29,0,0,3,11,2,0,1,8,7,3,1,1,1,40,0,0,1,0,0,0,0,0,0,3,4,12,0,0,0,0,0,1,0,4,0,0,0,0,0,0,0,0,0,20,1,0,2,0,0,0,0,0,0,0,0,0,0,0,0,0,0,0,0,0,0,0,0,0,0,,,,,,,,,,,,,,,,,,,,,,,
2020-05-26,29,0,0,3,11,2,0,1,9,7,3,1,1,1,42,0,0,1,0,0,0,0,0,0,3,4,12,0,0,0,0,0,1,0,4,0,0,0,0,0,0,0,0,0,21,1,0,3,0,0,0,0,0,0,0,0,0,0,0,0,0,0,0,0,0,0,0,0,0,0,,,,,,,,,,,,,,,,,,,,,,,
2020-05-27,33,0,0,3,11,2,0,1,9,7,4,1,1,1,42,0,0,1,0,0,0,0,0,0,3,4,12,0,0,0,0,0,1,0,4,0,0,0,0,0,0,0,0,0,23,1,0,4,0,0,0,0,0,0,0,0,0,0,0,0,0,0,0,0,0,0,0,0,0,0,,,,,,,,,,,,,,,,,,,,,,,
2020-05-28,34,0,0,3,11,2,0,1,9,7,4,1,1,1,42,0,0,1,0,0,0,0,0,0,4,4,12,0,0,0,0,0,1,0,4,0,0,0,0,0,0,0,0,0,23,1,0,4,0,0,0,0,0,0,0,0,0,0,0,0,0,0,0,0,0,0,0,0,0,0,,,,,,,,,,,,,,,,,,,,,,,
2020-05-29,37,0,0,3,11,2,0,1,9,7,4,1,1,1,42,0,0,1,0,0,0,0,0,0,5,4,13,0,0,0,0,0,1,0,4,0,0,0,0,0,0,0,0,0,24,2,0,4,0,0,0,0,0,0,0,0,0,0,0,0,0,0,0,0,0,0,0,0,0,0,0,,,,,,,,,,,,,,,,,,,,,,
2020-05-30,37,0,0,3,11,2,0,1,9,7,4,1,1,1,42,0,0,1,0,0,0,0,0,0,4,4,13,0,0,0,0,0,1,0,4,0,0,0,0,0,0,0,0,0,25,2,0,4,0,0,0,0,0,0,0,0,0,0,0,0,0,0,0,0,0,0,0,0,0,0,0,,,,,,,,,,,,,,,,,,,,,,
2020-05-31,37,0,0,4,11,2,0,1,9,7,4,1,1,1,42,0,0,1,0,0,0,0,0,0,4,4,13,0,0,0,0,0,1,0,4,0,0,0,0,0,0,0,0,0,25,2,0,4,0,0,0,0,0,0,0,0,0,0,0,0,0,0,0,0,0,0,0,0,0,0,0,,,,,,,,,,,,,,,,,,,,,,
2020-06-01,38,0,0,4,11,2,0,1,9,8,4,1,1,1,43,0,0,2,0,0,0,0,0,0,4,4,13,0,0,0,0,0,1,0,4,0,0,0,0,0,0,0,0,0,25,2,0,4,0,0,0,0,0,1,0,0,0,0,0,0,0,0,0,0,0,0,0,0,0,0,0,0,0,,,,,,,,,,,,,,,,,,,,
2020-06-02,41,0,0,4,11,2,0,1,9,8,4,1,1,1,43,0,0,2,0,0,0,0,0,0,4,4,13,0,0,0,0,0,1,0,4,0,0,0,0,0,0,0,0,0,26,2,0,4,0,0,0,0,0,1,0,0,0,0,0,0,0,0,0,0,0,0,0,0,0,0,0,0,0,,,,,,,,,,,,,,,,,,,,
2020-06-03,42,0,0,4,11,2,0,1,9,8,4,1,1,1,44,0,0,1,0,0,1,0,0,0,4,4,13,0,0,0,0,0,1,0,4,0,0,0,0,0,0,0,0,0,26,2,0,4,0,0,0,0,0,1,0,0,0,0,0,0,0,0,0,0,0,0,0,0,0,0,0,0,0,,,,,,,,,,,,,,,,,,,,
2020-06-04,45,0,0,4,11,2,0,1,10,8,4,1,1,1,44,0,0,1,0,0,0,0,0,0,4,4,13,0,0,0,0,0,1,0,4,0,0,0,0,0,0,0,0,0,27,2,0,4,0,0,0,0,0,1,0,0,0,0,0,0,0,0,0,0,0,0,0,0,0,0,0,0,0,,,,,,,,,,,,,,,,,,,,
2020-06-05,45,0,0,4,11,2,0,1,10,8,4,1,1,1,44,0,0,1,0,0,0,0,0,0,4,4,13,0,0,0,0,0,1,0,4,0,0,0,0,0,0,0,0,0,27,2,0,4,0,0,0,0,0,1,0,0,0,0,0,0,0,0,0,0,0,0,0,0,0,0,0,0,0,0,,,,,,,,,,,,,,,,,,,
2020-06-06,47,0,0,4,11,2,0,1,10,8,4,1,1,1,44,0,0,1,0,0,0,0,0,0,4,4,13,0,0,0,0,0,1,0,4,0,0,0,0,0,0,0,0,0,27,2,0,4,0,0,0,0,1,1,0,0,0,0,0,0,0,0,0,0,0,0,0,0,0,0,0,0,0,0,,,,,,,,,,,,,,,,,,,
2020-06-07,47,0,0,4,11,2,0,1,10,8,4,1,1,1,44,0,0,1,0,0,0,0,0,0,4,4,13,0,0,0,0,0,1,0,4,0,0,0,0,0,0,0,0,0,27,2,0,4,0,0,0,0,1,1,0,0,0,0,0,0,0,0,0,0,0,0,0,0,0,0,0,0,0,0,,,,,,,,,,,,,,,,,,,
2020-06-08,47,0,0,4,11,2,0,1,10,8,4,1,1,1,44,0,0,1,0,0,0,0,0,0,4,4,13,0,0,0,0,0,1,0,4,0,0,0,0,0,0,0,0,0,27,2,0,4,0,0,0,0,1,1,0,0,0,0,0,0,0,0,0,0,0,0,0,0,0,0,0,0,0,0,,,,,,,,,,,,,,,,,,,
2020-06-09,49,0,0,4,11,2,0,1,10,8,4,1,1,1,44,0,0,1,1,0,,0,0,0,4,4,13,0,0,0,0,0,1,0,4,0,0,0,0,0,0,0,0,0,27,2,0,4,0,0,0,0,1,1,0,0,0,0,0,0,0,0,0,0,0,0,0,0,0,0,0,0,0,0,0,,,,,,,,,,,,,,,,,,
2020-06-10,53,0,0,5,11,2,0,1,10,8,4,1,1,1,44,0,0,1,1,0,0,0,0,0,4,4,13,0,0,0,0,0,1,0,4,0,0,0,0,0,0,0,0,0,30,2,0,4,0,0,0,1,1,1,0,0,0,0,0,0,0,0,0,0,0,0,0,1,0,0,0,0,0,0,0,,,,,,,,,,,,,,,,,,
2020-06-11,58,0,0,5,11,2,0,1,10,8,4,1,1,1,45,0,0,1,2,0,0,0,0,0,4,4,13,0,0,0,0,0,1,0,4,0,0,0,0,0,0,0,0,0,31,2,0,4,0,0,0,1,1,1,0,0,0,0,0,0,0,0,0,0,0,0,0,1,0,0,0,0,0,0,0,0,,,,,,,,,,,,,,,,,
2020-06-12,60,0,0,5,11,2,0,1,10,8,4,1,1,2,45,0,0,1,2,0,0,0,0,0,4,4,13,0,0,0,0,0,1,0,4,0,0,0,0,0,0,0,0,0,31,2,0,4,0,0,0,1,1,1,0,0,1,0,0,0,0,0,0,0,0,0,0,1,0,0,0,0,0,0,0,0,,,,,,,,,,,,,,,,,
2020-06-13,60,0,0,5,11,2,0,1,10,8,4,1,1,2,45,0,0,1,2,0,,0,0,0,4,4,13,0,0,0,0,0,1,0,4,0,0,0,0,0,0,0,0,0,31,2,0,4,0,0,0,1,1,1,0,0,1,0,0,0,0,0,0,0,0,0,0,1,0,0,0,0,0,0,0,0,,,,,,,,,,,,,,,,,
2020-06-14,60,0,0,5,11,2,0,1,10,8,4,1,1,2,45,0,0,1,2,0,,0,0,0,4,4,13,0,0,0,0,0,1,0,4,0,0,0,0,0,0,0,0,0,31,2,0,4,0,0,0,1,1,1,0,0,1,0,0,0,0,0,0,0,0,0,0,1,0,0,0,0,0,0,0,0,,,,,,,,,,,,,,,,,
2020-06-15,61,0,0,7,11,2,0,1,10,8,4,1,1,3,45,0,0,1,2,0,,0,0,0,4,4,13,0,0,0,0,0,1,0,4,0,0,0,0,0,0,0,0,0,32,2,0,4,0,0,0,1,1,1,0,0,1,0,0,0,0,0,0,0,0,0,0,1,0,0,0,0,0,0,0,0,,,,,,,,,,,,,,,,,
2020-06-16,68,0,0,7,11,2,0,1,10,8,4,1,2,5,45,0,0,1,2,0,0,0,0,0,4,4,13,0,0,0,0,0,1,0,4,0,0,0,0,0,0,0,0,0,32,2,0,4,0,0,0,1,1,1,0,0,1,0,0,0,0,0,0,0,0,0,0,1,0,0,0,0,0,0,0,0,,,,,,,,,,,,,,,,,
2020-06-17,69,0,0,8,11,2,0,1,10,8,4,1,2,6,45,0,0,1,2,0,0,0,0,0,4,4,13,0,0,0,0,0,1,0,4,0,0,0,0,0,0,0,0,0,32,2,0,4,0,0,0,1,1,1,0,0,1,0,0,0,0,0,0,0,0,0,0,1,0,0,0,0,0,0,0,0,,,,,,,,,,,,,,,,,
2020-06-18,72,0,0,8,11,2,0,1,10,8,4,1,2,6,45,0,0,2,2,0,0,0,0,0,4,4,13,0,0,0,0,0,1,0,4,0,0,0,0,0,0,0,0,0,33,2,0,4,0,0,0,1,1,1,0,0,1,0,0,0,0,0,0,0,0,0,0,1,0,0,0,0,0,0,0,0,,,,,,,,,,,,,,,,,
2020-06-19,77,0,0,8,11,2,0,1,10,8,4,1,2,6,45,0,0,2,2,0,0,0,0,0,4,4,13,0,0,0,0,0,1,0,4,0,0,0,0,0,0,0,0,0,33,2,0,4,0,0,0,1,1,1,0,0,1,0,0,0,0,0,0,0,0,0,0,1,0,0,0,0,0,0,0,0,,,,,,,,,,,,,,,,,
2020-06-20,77,0,0,8,11,2,0,1,10,8,4,1,2,6,45,0,0,2,2,0,0,0,0,0,4,4,13,0,0,0,0,0,1,0,4,0,0,0,0,0,0,0,0,0,33,2,0,4,0,0,0,1,1,1,0,0,1,0,0,0,0,0,0,0,0,0,0,1,0,0,0,0,0,0,0,0,,,,,,,,,,,,,,,,,
2020-06-21,80,0,0,8,11,2,0,1,10,8,4,1,2,6,45,0,0,2,2,0,0,0,0,0,4,4,13,0,0,0,0,0,1,0,4,0,0,0,0,0,0,0,0,0,33,2,0,4,0,0,0,1,1,1,0,0,1,0,0,0,0,0,0,0,0,0,0,1,0,0,0,0,0,0,0,0,,,,,,,,,,,,,,,,,
2020-06-22,80,0,0,8,11,2,0,1,10,8,4,1,2,6,45,0,0,3,3,0,0,0,0,0,4,4,13,0,0,0,0,0,1,0,4,0,0,0,0,0,0,0,0,0,34,2,0,4,0,0,0,1,1,1,0,0,1,0,0,0,0,0,0,0,0,0,0,1,0,0,0,0,0,0,0,0,,,,,,,,,,,,,,,,,
2020-06-23,83,0,0,8,11,2,0,1,11,8,4,1,2,8,46,0,0,3,3,0,0,0,0,0,4,4,13,0,0,0,0,0,1,0,4,0,0,0,0,0,0,0,0,0,34,2,0,4,0,0,0,1,1,1,0,0,1,0,0,0,0,0,0,0,0,0,0,1,0,0,0,0,0,0,0,0,0,,,,,,,,,,,,,,,,
2020-06-24,83,0,0,8,11,2,0,1,11,8,4,1,2,8,46,0,0,3,3,1,0,0,0,0,4,4,13,0,0,0,0,0,1,0,4,0,0,0,0,0,0,0,0,0,34,2,0,4,0,0,0,1,1,1,0,0,1,0,0,0,0,0,0,0,0,0,0,1,0,0,0,0,0,0,0,0,0,0,,,,,,,,,,,,,,,
2020-06-25,84,0,0,8,11,2,0,1,12,8,4,1,2,8,46,0,0,3,3,1,0,0,0,0,4,4,13,0,0,0,0,0,1,0,4,0,0,0,0,0,0,0,0,0,34,2,0,4,0,0,0,1,2,1,0,0,1,0,0,0,0,0,0,0,0,0,0,1,0,0,0,0,0,0,0,0,0,0,,,,,,,,,,,,,,,
2020-06-26,88,0,0,8,11,2,0,1,12,8,4,1,2,8,46,0,0,3,3,1,0,0,0,0,4,4,13,0,0,0,0,0,1,0,4,0,0,0,0,0,0,0,0,0,34,2,0,4,0,0,0,1,2,1,0,0,1,0,0,0,0,0,0,0,0,0,0,1,0,0,0,0,0,0,0,0,0,0,0,,,,,,,,,,,,,,
2020-06-27,88,1,0,8,11,2,0,1,12,8,4,1,2,8,46,0,0,3,3,1,0,0,0,0,4,4,13,0,0,0,0,0,1,0,4,0,0,0,0,0,0,0,0,0,34,2,0,4,0,0,0,1,2,1,0,0,1,0,0,0,0,0,0,0,0,0,0,1,0,0,0,0,0,0,0,0,0,0,0,,,,,,,,,,,,,,
2020-06-28,88,1,0,8,11,2,0,1,12,8,4,1,2,8,46,0,0,3,3,1,,0,0,0,4,4,13,0,0,0,0,0,1,0,4,0,0,0,0,0,0,0,0,0,34,2,0,4,0,0,0,1,2,1,0,0,1,0,0,0,0,0,0,0,0,0,0,1,0,0,0,0,0,0,0,0,0,0,0,,,,,,,,,,,,,,
2020-06-29,88,1,0,8,11,2,0,1,12,8,4,1,2,8,47,0,0,3,3,1,,0,0,0,4,4,13,0,0,0,0,0,1,0,4,0,0,0,0,0,0,0,0,0,35,2,0,4,0,0,0,1,2,1,0,0,1,0,0,0,0,0,0,0,0,0,0,1,0,0,0,0,0,0,0,0,0,0,0,,,,,,,,,,,,,,
2020-06-30,93,1,0,8,11,2,0,1,12,8,4,1,2,8,47,0,0,3,3,1,,0,0,0,4,4,13,0,0,0,0,0,1,0,4,0,0,0,0,0,0,0,0,0,36,2,0,4,0,0,0,1,2,1,0,0,1,0,0,0,0,0,0,0,0,0,0,1,0,0,0,0,0,0,0,0,0,0,0,,,,,,,,,,,,,,
2020-07-01,94,1,0,8,11,2,0,1,13,8,4,1,2,8,47,0,0,3,3,1,,0,0,1,4,4,13,0,0,0,0,0,1,0,4,0,0,0,0,0,0,0,0,0,36,2,0,4,0,0,0,1,2,1,0,0,1,0,0,0,0,0,0,0,0,0,0,1,0,0,0,0,0,0,0,0,0,0,0,0,,,,,,,,,,,,,
2020-07-02,95,1,0,8,11,2,0,1,13,8,4,1,2,8,47,0,0,3,3,1,,0,0,1,4,4,13,0,0,0,0,0,1,0,4,0,0,0,0,0,0,0,0,0,37,2,0,4,0,0,0,1,2,1,0,0,1,0,0,0,0,0,0,0,0,0,0,1,0,0,0,0,0,0,0,0,0,0,0,0,,,,,,,,,,,,,
2020-07-03,96,1,0,8,11,2,0,1,13,8,4,1,2,8,47,0,0,3,3,1,0,0,0,1,4,4,13,0,0,0,0,0,1,0,4,0,0,0,0,0,0,0,0,0,37,2,0,4,0,0,0,1,2,1,0,0,1,0,0,0,0,0,0,0,0,0,0,1,0,0,0,0,0,0,0,0,0,0,0,0,,,,,,,,,,,,,
2020-07-04,96,1,0,8,11,2,0,1,13,8,4,1,2,8,47,0,0,3,3,1,0,0,0,1,4,4,13,0,0,0,0,0,1,0,4,0,0,0,0,0,0,0,0,0,37,2,0,4,0,0,0,1,2,1,0,0,1,0,0,0,0,0,0,0,0,0,0,1,0,0,0,0,0,0,0,0,0,0,0,0,,,,,,,,,,,,,
2020-07-05,96,1,0,8,11,2,0,1,13,8,4,1,2,8,47,0,0,3,3,1,,0,0,1,4,4,13,0,0,0,0,0,1,0,4,0,0,0,0,0,0,0,0,0,37,2,0,4,0,0,0,1,2,1,0,0,1,0,0,0,0,0,0,0,0,0,0,1,0,0,0,0,0,0,0,0,0,0,0,0,,,,,,,,,,,,,
2020-07-06,97,1,0,8,11,2,0,1,13,8,4,1,2,8,47,0,0,3,3,1,,0,0,1,4,4,13,0,0,0,0,0,1,0,4,0,0,0,0,0,0,0,0,0,37,2,0,4,0,0,0,1,2,1,0,0,1,0,0,0,0,0,0,0,0,0,0,1,0,0,0,0,0,0,0,0,0,0,0,0,,,,,,,,,,,,,
2020-07-07,98,1,0,8,11,2,0,1,13,8,4,1,2,8,47,0,0,3,3,1,,0,0,0,4,4,13,0,0,0,0,0,1,0,4,0,0,0,0,0,0,0,0,0,38,2,0,4,0,0,0,1,2,1,0,0,1,0,0,0,0,0,0,0,0,0,0,1,0,0,0,0,0,0,0,0,0,0,0,0,,,,,,,,,,,,,
2020-07-08,100,1,0,8,11,2,0,1,13,8,4,1,2,8,47,0,0,3,5,1,,0,0,0,4,4,13,0,0,0,0,0,1,0,4,0,0,0,0,0,0,0,0,0,38,2,0,4,0,0,0,1,2,1,0,0,1,0,0,0,0,0,0,0,0,0,0,1,0,0,0,0,0,0,0,0,0,0,0,0,,,,,,,,,,,,,
2020-07-09,102,1,0,8,11,2,0,1,13,8,4,1,2,8,47,0,0,3,5,1,,0,0,0,4,4,13,0,0,0,0,0,1,0,4,0,0,0,0,0,0,0,0,0,38,2,0,4,0,0,0,1,2,1,0,0,2,0,0,0,0,0,0,0,0,0,0,1,0,0,0,0,0,0,0,0,0,0,0,0,,,,,,,,,,,,,
2020-07-10,103,1,0,8,11,2,0,1,13,8,4,1,2,8,47,0,0,3,5,1,,0,0,0,4,4,13,0,0,0,0,0,1,0,4,0,0,0,0,0,0,0,0,0,38,2,0,4,0,0,0,1,2,1,0,0,1,0,0,0,0,0,0,0,0,0,0,1,0,0,0,0,0,0,0,0,0,0,0,0,0,,,,,,,,,,,,
2020-07-11,105,1,0,8,11,2,0,1,13,8,4,1,2,8,47,0,0,3,5,1,,0,0,0,4,4,13,0,0,0,0,0,1,0,4,0,0,0,0,0,0,0,0,0,38,2,0,4,0,0,0,1,2,1,0,0,1,0,0,0,0,0,0,0,0,0,0,1,0,0,0,0,0,0,0,0,0,0,0,0,0,0,,,,,,,,,,,
2020-07-12,105,1,0,8,11,2,0,1,13,8,4,1,2,8,47,0,0,3,5,1,,0,0,0,4,4,13,0,0,0,0,0,1,0,4,0,0,0,0,0,0,0,0,0,38,2,0,4,0,0,0,1,2,1,0,0,1,0,0,0,0,0,0,0,0,0,0,1,0,0,0,0,0,0,0,0,0,0,0,0,0,0,,,,,,,,,,,
2020-07-13,106,1,0,8,11,2,0,1,13,8,4,1,2,8,47,0,0,3,5,1,,0,0,0,4,4,13,0,0,0,0,0,1,0,4,0,0,0,0,0,0,0,0,0,39,2,0,4,0,0,0,1,2,1,0,0,1,0,0,0,0,0,0,0,0,0,0,1,0,0,0,0,0,0,0,0,0,0,0,0,0,0,,,,,,,,,,,
2020-07-14,108,1,0,8,11,2,0,1,13,8,4,1,2,8,47,0,0,3,5,1,0,0,0,0,4,4,13,0,0,0,0,0,1,0,4,0,0,0,0,0,0,0,0,0,39,2,0,4,0,0,0,1,1,1,0,0,1,0,0,0,0,0,0,0,0,0,0,1,0,0,0,0,0,0,0,0,0,0,0,0,0,0,0,,,,,,,,,,
2020-07-15,111,1,0,8,11,2,0,1,13,8,4,1,2,8,47,0,0,3,5,1,0,0,0,0,4,4,13,0,0,0,0,0,1,0,4,0,0,0,0,0,0,0,0,0,39,2,0,4,0,0,0,1,1,1,0,0,1,0,0,0,0,0,0,0,0,0,0,1,0,0,0,0,0,0,0,0,0,0,0,0,0,0,0,,,,,,,,,,
2020-07-16,113,1,0,8,11,2,0,1,13,8,4,1,2,8,47,0,0,3,5,1,,0,0,0,4,4,13,0,0,0,0,0,1,0,4,0,0,0,0,0,0,0,0,0,41,2,0,4,0,0,0,1,2,1,0,0,1,0,0,0,0,0,0,0,0,0,0,1,0,0,0,0,0,0,0,0,0,0,0,0,0,0,0,,,,,,,,,,
2020-07-17,113,1,0,8,11,2,0,1,14,8,4,1,2,8,47,0,0,3,5,1,0,0,0,0,4,4,13,0,0,0,0,0,1,0,4,0,0,0,0,0,0,0,0,0,41,2,0,4,0,0,0,1,2,1,0,0,1,0,0,0,0,0,0,0,0,0,0,1,0,0,0,0,0,0,0,0,0,0,0,0,0,0,0,0,,,,,,,,,
2020-07-18,113,1,0,8,11,2,0,1,14,8,4,1,2,8,47,0,0,3,5,1,,0,0,0,4,4,13,0,0,0,0,0,1,0,4,0,0,0,0,0,0,0,0,0,41,2,0,4,0,0,0,1,2,1,0,0,1,0,0,0,0,0,0,0,0,0,0,1,0,0,0,0,0,0,0,0,0,0,0,0,0,0,0,0,,,,,,,,,
2020-07-19,113,1,0,8,11,2,0,1,14,8,4,1,2,8,47,0,0,3,5,1,,0,0,0,4,4,13,0,0,0,0,0,1,0,4,0,0,0,0,0,0,0,0,0,41,2,0,4,0,0,0,1,2,1,0,0,1,0,0,0,0,0,0,0,0,0,0,1,0,0,0,0,0,0,0,0,0,0,0,0,0,0,0,0,,,,,,,,,
2020-07-20,116,1,0,8,10,2,0,1,14,7,4,1,2,8,47,0,0,3,5,1,4,0,0,0,4,4,13,0,0,0,0,0,1,0,4,0,0,0,0,0,0,0,0,0,41,2,0,4,0,0,0,1,2,1,0,0,1,0,0,0,0,0,0,0,0,0,0,1,0,0,0,0,0,0,0,0,0,0,0,0,0,0,0,0,0,,,,,,,,
2020-07-21,117,1,0,8,11,2,0,1,14,8,5,1,2,8,47,0,0,3,5,1,0,0,0,0,4,4,13,0,0,0,0,0,1,0,4,0,0,0,0,0,0,0,0,0,41,2,0,4,0,0,0,1,2,1,0,0,1,0,0,0,0,0,0,0,0,0,0,1,0,0,0,0,0,0,0,0,0,0,0,0,0,0,0,0,0,,,,,,,,
2020-07-22,117,1,0,8,11,2,0,1,14,8,5,1,2,8,47,0,0,3,5,1,0,0,0,0,4,4,13,0,0,0,0,0,1,0,4,0,0,0,0,0,0,0,0,0,41,2,0,4,0,0,0,1,2,1,0,0,2,0,0,0,0,0,0,0,0,0,0,1,0,0,0,0,0,0,0,0,0,0,0,0,0,0,0,0,0,,,,,,,,
2020-07-23,121,1,0,8,11,2,0,1,14,8,5,1,2,8,46,0,0,3,6,1,0,0,0,0,4,4,13,0,0,0,0,0,1,0,4,0,0,0,0,0,0,0,0,0,41,2,0,4,0,0,0,1,2,1,0,0,2,0,0,0,0,0,0,0,0,0,0,1,0,0,0,0,0,0,0,0,0,0,0,0,0,0,0,0,0,,,,,,,,
2020-07-24,122,1,0,8,11,2,0,1,14,9,6,1,2,8,46,0,0,3,6,1,0,0,0,0,4,4,13,0,0,0,0,0,1,0,4,0,0,0,0,0,0,0,0,0,41,2,0,4,0,0,0,1,2,1,0,0,3,0,0,0,0,0,0,0,0,0,0,1,0,0,0,0,0,0,0,0,0,0,0,0,0,0,0,,0,,,,,,,,
2020-07-25,122,1,0,8,11,2,0,1,14,9,6,1,2,8,46,0,0,3,6,1,,0,0,0,4,4,13,0,0,0,0,0,1,0,4,0,0,0,0,0,0,0,0,0,41,2,0,4,0,0,0,1,2,1,0,0,3,0,0,0,0,0,0,0,0,0,0,1,0,0,0,0,0,0,0,0,0,0,0,0,0,0,0,,0,0,,,,,,,
2020-07-26,122,1,0,8,11,2,0,1,14,9,6,1,2,8,46,0,0,3,6,1,0,0,0,0,4,4,13,0,0,0,0,0,1,0,4,0,0,0,0,0,0,0,0,0,41,2,0,4,0,0,0,1,2,1,0,0,3,0,0,0,0,0,0,0,0,0,0,1,0,0,0,0,0,0,0,0,0,0,0,0,0,0,0,,0,0,,,,,,,
2020-07-27,122,1,0,8,11,2,0,1,14,9,6,1,2,8,46,0,0,3,6,1,0,0,0,0,4,4,13,0,0,0,0,0,1,0,4,0,0,0,0,0,0,0,0,0,41,2,0,4,0,0,0,1,2,1,0,0,3,0,0,0,0,0,0,0,0,0,0,1,0,0,0,0,0,0,0,0,0,0,0,0,0,0,0,,0,0,,,,,,,
2020-07-28,124,1,0,9,11,2,0,1,14,9,6,1,2,8,46,0,0,3,6,1,,0,0,0,4,4,13,0,0,0,0,0,1,0,4,0,0,0,0,0,0,0,0,0,42,2,0,4,0,0,0,1,2,0,0,0,3,0,0,0,0,0,0,0,0,0,0,1,0,0,0,0,0,0,0,0,0,0,0,0,0,0,0,0,1,0,,,,,,,
2020-07-29,127,1,0,9,11,2,0,1,15,9,6,1,2,8,46,0,0,3,6,1,,0,0,0,4,4,13,0,0,0,0,0,1,0,4,0,0,0,0,0,0,0,0,0,42,2,0,4,0,0,0,1,2,1,0,0,3,0,0,0,0,0,0,0,0,0,0,1,0,0,0,0,0,0,0,0,0,0,0,0,0,0,0,0,1,0,,,,,,,
2020-07-30,128,1,0,9,11,2,0,1,15,9,6,1,2,8,46,0,0,3,6,1,0,0,0,0,4,4,13,0,0,0,0,0,1,0,4,0,0,0,0,0,0,0,0,0,42,2,0,4,0,0,0,1,2,1,0,0,4,0,0,0,0,0,0,0,0,0,0,1,0,0,0,0,0,0,0,0,0,0,0,0,0,0,0,0,1,0,,,,,,,
2020-07-31,134,1,0,9,11,2,0,1,15,9,6,1,2,8,45,0,0,3,6,1,0,0,0,0,4,4,13,0,0,0,0,0,1,0,4,0,0,0,0,0,0,0,0,0,42,2,0,4,0,0,0,1,2,1,0,0,4,0,0,0,0,0,0,0,0,0,0,1,0,0,0,0,0,0,0,0,0,0,0,0,0,0,0,0,1,,,,,,,,
2020-08-01,134,1,0,9,11,2,0,1,15,9,6,1,2,8,45,0,0,3,6,1,0,0,0,0,4,4,13,0,0,0,0,0,1,0,4,0,0,0,0,0,0,0,0,0,42,2,0,4,0,0,0,1,2,1,0,0,4,0,0,0,0,0,0,0,0,0,0,1,0,0,0,0,0,0,0,0,0,0,0,0,0,0,0,0,1,,,,,,,,
2020-08-02,134,1,0,9,11,2,0,1,15,9,6,1,2,8,45,0,0,3,6,1,0,0,0,0,4,4,13,0,0,0,0,0,1,0,4,0,0,0,0,0,0,0,0,0,42,2,0,4,0,0,0,1,2,1,0,0,4,0,0,0,0,0,0,0,0,0,0,1,0,0,0,0,0,0,0,0,0,0,0,0,0,0,0,0,1,,,,,,,,
2020-08-03,134,0,0,6,11,2,0,1,15,9,6,1,2,8,45,0,0,3,6,1,0,0,0,0,4,4,13,0,0,0,0,0,1,0,4,0,0,0,0,0,0,0,0,0,42,2,0,4,0,0,0,1,2,1,0,0,4,0,0,0,0,0,0,0,0,0,0,1,0,0,0,0,0,0,0,0,0,0,0,0,0,0,0,0,1,,,,,,,,
2020-08-04,134,1,0,9,11,2,0,1,16,9,6,1,2,8,45,0,0,3,6,1,0,0,0,0,4,4,13,0,0,0,0,0,1,0,4,0,0,0,0,0,0,0,0,0,42,2,0,4,0,0,0,1,2,1,0,0,4,0,0,0,0,0,0,0,0,0,0,1,0,0,0,0,0,0,0,0,0,0,0,0,0,0,0,0,1,,,,,,,,
2020-08-05,135,2,0,9,11,2,0,1,17,9,6,1,2,8,45,0,0,3,6,1,0,0,0,0,4,4,13,0,0,0,0,0,1,0,4,0,0,0,0,0,0,0,0,0,42,2,0,4,0,0,0,1,2,1,0,0,4,0,0,0,0,0,0,0,0,0,0,1,0,0,0,0,0,0,0,0,0,0,0,0,0,0,0,0,1,,,,,,,,
2020-08-06,135,2,0,9,11,2,0,1,17,9,6,1,2,8,45,0,0,3,6,1,0,0,0,0,4,4,13,0,0,0,0,0,1,0,4,0,0,0,0,0,0,0,0,0,42,2,0,4,0,0,0,1,2,1,0,0,4,0,0,0,0,0,0,0,0,0,0,1,0,0,0,0,0,0,0,0,0,0,0,0,0,0,0,0,6,,0,,,,,,
2020-08-07,136,2,0,11,11,2,0,1,17,9,6,1,2,9,45,0,0,3,6,1,0,0,0,0,4,4,13,0,0,0,0,0,1,0,4,0,0,0,0,0,0,0,0,0,42,2,0,4,0,0,0,1,2,1,0,0,4,0,0,0,0,0,0,0,0,0,0,1,0,0,0,0,0,0,0,0,0,0,0,0,0,0,0,0,7,,0,,,,,,
2020-08-08,137,2,0,11,11,2,0,1,17,9,6,1,2,9,45,0,0,3,6,1,0,0,0,0,4,4,13,0,0,0,0,0,1,0,4,0,0,0,0,0,0,0,0,0,42,2,0,4,0,0,0,1,2,1,0,0,4,0,0,0,0,0,0,0,0,0,0,1,0,0,0,0,0,0,0,0,0,0,0,0,0,0,0,0,7,,0,,,,,,
2020-08-09,137,2,0,11,11,2,0,1,17,9,6,1,2,9,45,0,0,3,6,1,0,0,0,0,4,4,13,0,0,0,0,0,1,0,4,0,0,0,0,0,0,0,0,0,42,2,0,4,0,0,0,1,2,1,0,0,4,0,0,0,0,0,0,0,0,0,0,1,0,0,0,0,0,0,0,0,0,0,0,0,0,0,0,0,7,0,0,,,,,,
2020-08-10,137,2,0,11,11,2,0,1,17,9,6,1,2,10,45,0,0,3,6,1,0,0,0,0,4,4,13,0,0,0,0,0,1,0,4,0,0,0,0,0,0,0,0,0,42,2,0,4,0,0,0,1,2,1,0,0,4,0,0,0,0,0,0,0,0,0,0,1,0,0,0,0,0,0,0,0,0,0,0,0,0,0,0,0,7,0,0,,,,,,
2020-08-11,138,2,0,11,11,2,0,1,19,9,6,1,2,10,45,0,0,3,6,1,0,0,0,0,4,4,13,0,0,0,0,0,1,0,4,0,0,0,0,0,0,0,0,0,42,2,0,4,0,0,0,1,2,1,0,0,4,0,0,0,0,0,0,0,0,0,0,1,0,0,0,0,0,0,0,0,0,0,0,0,0,0,0,0,7,0,0,,,,,,
2020-08-12,140,2,0,11,11,2,0,1,19,9,6,1,2,10,45,0,0,3,6,1,0,0,0,0,4,4,13,0,0,0,0,0,1,0,4,0,0,0,0,0,0,0,0,0,42,2,0,4,0,0,0,1,2,1,0,0,4,0,0,0,0,0,0,0,0,0,0,1,0,0,0,0,0,0,0,0,0,0,0,0,0,0,0,0,7,0,0,,,,,,
2020-08-13,142,2,0,11,11,2,0,1,19,9,6,1,2,10,45,0,0,3,6,1,0,0,0,0,4,4,13,0,0,0,0,0,1,0,4,0,0,0,0,0,0,0,0,0,42,2,0,5,0,0,0,1,2,1,0,0,4,0,0,0,0,0,0,0,0,0,0,1,0,0,0,0,0,0,0,0,0,0,0,0,0,0,0,0,7,0,0,0,,,,,
2020-08-14,143,2,0,11,11,2,0,1,19,9,6,1,2,10,45,0,0,3,6,1,0,0,0,0,4,4,13,0,0,0,0,0,1,0,4,0,0,0,0,0,0,0,0,0,42,2,0,5,0,0,0,1,2,1,0,0,4,0,0,0,0,0,0,0,0,0,0,1,0,0,0,0,0,0,0,0,0,0,0,0,0,0,0,0,7,0,0,0,,,,,
2020-08-15,143,2,0,11,11,2,0,1,19,9,6,1,2,10,45,0,0,3,6,1,0,0,0,0,4,4,13,0,0,0,0,0,1,0,4,0,0,0,0,0,0,0,0,0,42,2,0,5,0,0,0,1,2,1,0,0,4,0,0,0,0,0,0,0,0,0,0,1,0,0,0,0,0,0,0,0,0,0,0,0,0,0,0,0,7,0,0,0,,,,,
2020-08-16,143,2,0,11,11,2,0,1,19,9,6,1,2,10,45,0,0,3,6,1,0,0,0,0,4,4,13,0,0,0,0,0,1,0,4,0,0,0,0,0,0,0,0,0,42,2,0,5,0,0,0,1,2,1,0,0,4,0,0,0,0,0,0,0,0,0,0,1,0,0,0,0,0,0,0,0,0,0,0,0,0,0,0,0,7,0,0,0,,,,,
2020-08-17,143,2,0,11,11,2,0,1,19,9,6,1,2,10,45,0,0,3,6,1,0,0,0,0,4,4,13,0,0,0,0,0,1,0,4,0,0,0,0,0,0,0,0,0,42,2,0,5,0,0,0,1,2,1,0,0,4,0,0,0,0,0,0,0,0,0,0,1,0,0,0,0,0,0,0,0,0,0,0,0,0,0,0,0,7,0,0,0,,,,,
2020-08-18,147,2,0,11,11,2,0,1,20,9,6,1,2,11,45,0,0,3,6,1,0,0,0,0,4,4,13,0,0,0,0,0,1,0,4,0,0,0,0,0,0,0,1,0,42,2,0,5,0,0,0,1,2,1,0,0,4,0,0,0,0,0,0,0,0,0,0,1,0,0,0,0,0,0,0,,0,0,0,0,0,0,0,0,7,0,0,0,0,,,,
2020-08-19,147,2,0,13,11,2,0,1,20,9,6,1,2,11,46,0,0,3,6,1,0,0,0,0,4,4,13,0,0,0,0,0,1,0,4,0,0,0,0,0,0,0,1,0,42,2,0,5,0,0,0,1,2,1,0,0,4,0,0,0,0,0,0,0,0,0,0,1,0,0,0,0,0,0,0,0,0,0,0,0,0,0,0,0,7,0,0,0,,0,,,
2020-08-20,148,2,0,15,11,2,0,1,20,9,6,1,2,11,46,0,0,3,6,1,0,0,0,0,4,4,13,0,0,0,0,0,1,0,4,0,0,0,0,0,0,0,1,0,42,2,0,5,0,0,0,1,2,1,0,1,4,0,0,0,0,0,0,0,0,0,0,1,0,0,0,0,0,0,0,0,0,0,0,0,0,0,0,0,7,0,0,0,,0,,,
2020-08-21,149,2,0,15,11,2,0,2,20,9,6,1,2,11,46,0,0,3,6,1,0,0,0,0,4,4,13,1,0,0,0,0,2,0,4,0,0,0,0,0,0,0,1,0,42,2,0,5,0,0,0,1,2,1,0,1,4,0,0,0,0,0,0,0,0,0,0,1,0,0,0,0,0,0,0,0,0,0,0,0,0,0,0,0,7,0,0,0,,0,,,
2020-08-22,150,2,0,15,11,2,0,2,20,9,6,1,2,11,46,0,0,3,6,1,0,0,0,0,4,4,13,1,0,0,0,0,2,0,4,0,0,0,0,0,0,0,1,0,42,2,0,5,0,0,0,1,2,1,0,1,4,0,0,0,0,0,0,0,0,0,0,1,0,0,0,0,0,0,0,0,0,0,0,0,0,0,0,0,7,0,0,0,,0,,,
2020-08-23,150,2,0,15,11,2,0,3,20,10,6,1,2,11,46,0,0,3,6,1,0,0,0,0,4,4,13,1,0,0,0,0,2,0,4,0,0,0,0,0,0,0,1,0,42,2,0,5,0,0,0,1,2,1,0,1,4,0,0,0,0,0,0,0,0,0,0,1,0,0,0,0,0,0,0,0,0,0,0,0,0,0,0,0,7,0,0,0,,0,,,
2020-08-24,150,2,0,15,11,2,0,3,20,10,6,1,2,11,46,0,0,3,6,1,0,0,0,0,4,4,13,1,0,0,0,0,2,0,4,0,0,0,0,0,0,0,1,0,42,2,0,5,0,0,0,1,2,1,0,1,4,0,0,0,0,0,0,0,0,0,0,1,0,0,0,0,0,0,0,0,0,0,0,0,0,0,0,0,7,0,0,0,,0,,,
2020-08-25,153,2,0,15,11,2,0,3,20,9,6,1,2,11,46,0,0,3,6,1,,0,0,0,4,4,13,1,0,0,0,0,2,0,4,0,0,0,0,0,0,0,1,0,42,2,0,5,0,0,0,1,2,1,0,1,4,0,0,0,0,0,0,0,0,0,0,1,0,0,0,0,0,0,0,0,0,0,0,0,0,0,0,0,7,0,0,0,,0,,,
2020-08-26,155,2,0,15,11,2,0,3,20,9,6,1,2,11,46,0,0,3,6,1,0,0,0,0,4,4,13,1,1,0,0,0,2,0,4,0,0,0,0,0,0,0,2,0,42,2,0,5,0,0,0,1,2,1,0,1,4,0,0,0,0,0,0,0,0,0,0,1,0,0,0,0,0,0,0,0,0,0,0,0,0,0,0,0,7,0,0,0,0,0,,,
2020-08-27,158,2,0,15,11,2,0,3,20,9,6,1,2,11,46,0,0,3,6,1,0,0,0,0,5,4,13,1,1,0,0,0,2,0,4,0,0,0,0,0,0,0,2,0,42,2,0,5,0,0,0,1,2,1,0,1,4,0,0,0,0,0,0,0,0,0,0,1,0,0,0,0,0,0,0,0,0,0,0,0,0,0,0,0,7,0,0,0,0,0,0,,
2020-08-28,160,2,0,17,11,2,0,3,21,9,6,1,2,11,46,0,0,3,6,1,0,0,0,0,5,4,13,1,1,0,0,0,2,0,4,0,0,0,0,0,0,0,2,0,42,2,0,5,0,0,0,1,2,1,0,1,4,0,0,0,0,0,0,0,0,0,0,1,0,0,0,0,0,0,0,0,0,0,0,0,0,0,0,0,7,0,0,0,0,0,0,,
2020-08-29,160,2,0,17,11,2,0,3,21,10,6,1,2,11,46,0,0,3,6,1,0,0,0,0,5,4,13,1,1,0,0,0,2,0,4,0,0,0,0,0,0,0,2,0,42,2,0,5,0,0,0,1,2,1,0,1,4,0,0,0,0,0,0,0,0,0,0,1,0,0,0,0,0,0,0,0,0,0,0,0,0,0,0,0,7,0,0,0,0,0,0,,
2020-08-30,160,2,0,17,11,2,0,3,21,10,6,1,2,11,46,0,0,3,6,1,0,0,0,0,5,4,13,1,1,0,0,0,2,0,4,0,0,0,0,0,0,0,2,0,42,2,0,5,0,0,0,1,2,1,0,1,4,0,0,0,0,0,0,0,0,0,0,1,0,0,0,0,0,0,0,0,0,0,0,0,0,0,0,0,7,0,0,0,0,0,0,,
2020-08-31,160,2,0,17,11,2,0,3,21,11,6,1,2,11,46,0,0,3,6,1,0,0,0,0,5,4,13,1,1,0,0,0,2,0,4,0,0,1,0,0,0,0,2,0,42,2,0,5,0,0,0,1,2,1,0,1,4,0,0,0,0,0,0,0,0,0,0,1,0,0,0,0,0,0,0,0,0,0,0,0,0,0,0,0,7,0,0,0,0,0,0,,
2020-09-01,162,2,0,17,11,2,0,3,21,11,6,1,2,11,46,0,0,3,6,1,0,0,0,0,5,4,13,1,1,0,0,0,2,0,4,0,0,1,0,0,0,0,3,0,42,2,0,5,0,0,0,1,2,1,0,1,4,0,0,0,0,0,0,0,0,0,0,1,0,0,0,0,0,0,0,0,0,0,0,0,0,0,0,0,7,0,0,0,0,0,0,,
2020-09-02,164,2,0,17,11,2,0,3,21,11,6,1,2,11,46,0,0,3,6,1,0,0,0,0,5,4,13,1,1,0,0,0,2,0,4,0,0,1,0,0,0,0,3,0,43,2,0,5,0,0,0,1,2,1,0,1,4,0,0,0,0,0,0,0,0,0,0,1,0,0,0,0,0,0,0,0,0,0,0,0,0,0,0,0,7,0,0,0,0,0,0,,
2020-09-03,164,2,0,17,11,2,0,3,21,11,6,1,2,11,46,0,0,3,6,1,0,0,0,0,5,4,13,1,1,1,0,0,2,0,4,0,0,1,0,0,0,0,4,0,43,2,0,5,0,0,0,1,2,1,0,1,4,0,0,0,0,0,0,0,0,0,0,1,0,0,0,0,0,0,0,0,0,0,0,0,0,0,0,0,7,0,0,0,0,0,0,,
2020-09-04,165,2,0,17,11,2,0,3,21,11,6,1,2,11,46,0,0,3,6,1,0,0,0,0,5,4,13,1,1,1,0,0,2,0,4,0,0,1,0,0,0,0,4,0,43,2,0,5,0,0,0,1,2,1,0,1,4,0,0,0,0,0,0,0,0,0,0,1,0,0,0,0,0,0,0,0,0,0,0,0,0,0,0,0,7,0,0,0,0,0,0,,
2020-09-05,169,2,0,17,11,2,0,3,21,11,6,1,2,11,46,0,0,3,6,1,0,0,0,0,5,4,13,1,1,1,0,0,2,0,4,0,0,1,0,0,0,0,4,0,43,2,0,5,0,0,0,1,2,1,0,1,4,0,0,0,0,0,0,0,0,0,0,1,0,0,0,0,0,0,0,0,0,0,0,0,0,0,0,0,7,0,0,0,0,0,0,,
2020-09-06,169,2,0,17,11,2,0,3,21,11,6,1,2,11,46,0,0,3,6,1,,0,0,0,5,4,13,1,1,1,0,0,2,0,4,0,0,1,0,0,0,0,4,0,43,2,0,5,0,0,0,1,2,1,0,1,4,0,0,0,0,0,0,0,0,0,0,1,0,0,0,0,0,0,0,0,0,0,0,0,0,0,0,0,7,0,0,0,0,0,0,,
2020-09-07,169,2,0,17,11,2,0,3,21,11,6,1,2,11,46,0,0,3,6,1,,0,0,0,5,4,13,1,1,1,0,0,2,0,4,0,0,1,0,0,0,0,4,0,43,2,0,5,0,0,0,1,2,1,0,1,4,0,0,0,0,0,0,0,0,0,0,1,0,0,0,0,0,0,0,0,0,0,0,0,0,0,0,0,7,0,0,0,0,0,0,,
2020-09-08,169,2,0,17,11,2,0,3,21,11,6,1,2,11,46,0,0,3,6,1,0,0,0,0,5,4,13,1,1,2,0,0,2,0,4,0,0,1,0,0,0,0,4,0,43,2,0,5,0,0,0,1,2,1,0,1,4,0,0,0,0,0,0,0,0,0,0,1,0,0,0,0,0,0,0,0,0,0,0,0,0,0,0,0,9,0,0,0,0,0,0,,
2020-09-09,172,2,0,22,11,2,0,3,22,11,7,2,3,11,47,0,0,3,6,1,0,0,0,0,5,4,13,1,1,2,0,0,3,0,4,0,0,1,0,0,0,0,4,0,43,2,0,5,0,1,0,1,2,1,0,1,4,0,0,0,0,0,0,0,0,0,0,1,0,0,0,0,0,0,0,0,0,0,0,0,0,0,0,1,9,0,0,0,0,0,0,,
2020-09-10,176,2,0,22,11,2,0,3,22,12,7,2,3,11,47,0,0,3,6,1,0,1,0,0,5,4,13,1,1,2,0,0,3,0,4,0,0,1,0,0,0,0,4,0,43,2,0,5,0,1,0,1,2,1,0,1,4,0,0,0,0,0,0,0,0,0,0,1,0,0,0,0,0,0,0,0,0,0,0,0,0,0,0,1,9,0,0,0,0,0,0,,
2020-09-11,178,2,0,22,11,2,0,3,22,12,7,2,3,11,47,0,0,3,7,1,0,1,0,0,5,5,13,1,1,4,0,0,3,0,4,0,0,1,0,0,0,0,7,0,43,2,0,5,0,1,0,1,2,1,0,1,4,0,0,0,0,0,0,0,0,0,0,1,0,0,0,0,0,0,0,0,0,0,0,0,0,0,0,1,9,0,0,0,0,0,0,,
2020-09-12,178,2,0,22,11,2,0,3,22,12,7,2,3,11,47,0,0,3,7,1,0,1,0,0,5,5,13,1,1,4,0,0,3,0,4,0,0,1,0,0,0,0,7,0,43,2,0,5,0,1,0,1,2,1,0,1,4,0,0,0,0,0,0,0,0,0,0,1,0,0,0,0,0,0,0,0,0,0,0,0,0,0,0,1,9,0,0,0,0,0,0,,
2020-09-13,178,2,0,22,11,2,0,3,22,12,7,2,3,11,47,0,0,3,7,1,0,1,0,0,5,5,13,1,1,4,0,0,3,0,4,0,0,1,0,0,0,0,7,0,43,2,0,5,0,1,0,1,2,1,0,1,4,0,0,0,0,0,0,0,0,0,0,1,0,0,0,0,0,0,0,0,0,0,0,0,0,0,0,1,9,0,0,0,0,0,0,,
2020-09-14,178,2,0,22,11,2,0,4,22,12,7,2,3,11,47,0,0,3,7,1,0,1,0,0,5,5,13,1,1,4,0,0,3,0,4,0,0,1,0,0,0,0,7,0,43,2,0,5,0,1,0,1,2,1,0,1,4,0,0,0,0,0,0,0,0,0,0,1,0,0,0,0,0,0,0,0,0,0,0,0,0,0,0,1,9,0,0,0,0,0,0,,
2020-09-15,178,2,0,22,12,2,0,4,22,12,7,2,3,11,47,0,0,3,7,1,0,1,0,0,5,5,13,1,1,4,0,0,3,0,4,0,0,1,0,0,0,0,7,0,43,2,0,5,0,1,0,1,2,1,0,1,4,0,0,0,0,0,0,0,0,0,0,1,0,0,0,0,0,0,0,0,0,0,0,0,0,0,0,1,9,0,0,0,0,0,0,,
2020-09-16,180,2,0,23,12,2,0,4,23,12,7,2,3,11,47,0,0,3,7,1,0,1,0,0,5,5,13,1,1,4,0,0,3,0,4,0,0,1,0,0,0,0,7,0,43,2,0,5,0,1,0,1,2,1,0,1,4,0,0,0,0,0,0,0,0,0,0,1,0,0,0,0,0,0,0,0,0,0,0,0,0,0,0,1,9,0,0,0,0,0,0,0,
2020-09-17,181,2,0,23,12,2,0,4,24,12,7,2,3,11,47,0,0,3,7,1,0,1,0,0,5,5,13,1,1,4,0,0,3,0,4,0,0,1,0,0,0,0,7,0,43,2,0,5,0,1,0,1,2,1,0,1,4,0,0,0,0,0,0,0,0,0,0,1,0,0,0,0,0,0,0,0,0,0,0,0,0,0,0,1,9,0,0,0,0,0,0,0,
2020-09-18,181,2,0,23,12,2,0,4,24,12,7,2,3,11,47,0,0,3,7,1,0,1,0,0,5,5,13,1,1,4,0,0,3,0,4,0,0,1,0,0,0,0,7,0,43,2,0,5,0,1,0,1,2,1,0,1,4,0,0,0,0,0,0,0,0,0,0,1,0,0,0,0,0,0,0,0,0,0,0,0,0,0,0,1,9,0,0,0,0,0,0,0,
2020-09-19,181,2,0,23,12,2,0,4,24,12,7,2,3,11,47,0,0,3,7,1,0,1,0,0,5,5,13,1,1,4,0,0,3,0,4,0,0,1,0,0,0,0,7,0,43,2,0,5,0,1,0,1,2,1,0,1,4,0,0,0,0,0,0,0,0,0,0,1,0,0,0,0,0,0,0,0,0,0,0,0,0,0,0,1,9,0,0,0,0,0,0,0,
2020-09-20,181,2,0,23,12,2,0,4,24,12,7,2,3,11,47,0,0,3,7,1,0,1,0,0,5,5,13,1,1,4,0,0,3,0,4,0,0,1,0,0,0,0,7,0,43,2,0,5,0,1,0,1,2,1,0,1,4,0,0,0,0,0,0,0,0,0,0,1,0,0,0,0,0,0,0,0,0,0,0,0,0,0,0,1,9,0,0,0,0,0,0,0,
2020-09-21,182,2,0,26,12,2,0,4,24,12,7,2,3,11,47,0,0,3,7,1,0,2,0,0,5,5,13,1,1,4,0,0,3,0,4,0,0,1,0,0,0,0,7,0,43,2,0,5,0,1,0,1,2,1,0,1,4,0,0,0,0,0,0,0,0,0,0,1,0,0,0,0,0,0,0,0,0,1,0,0,0,0,0,1,10,0,0,0,0,0,0,0,
2020-09-22,190,2,0,26,12,2,0,4,24,12,7,2,3,11,47,0,0,3,7,1,0,2,0,0,5,5,13,1,1,4,0,0,3,0,4,0,0,1,0,0,0,1,7,0,43,2,0,5,0,1,0,1,2,1,0,1,4,0,0,0,0,0,0,0,0,0,0,1,0,0,0,0,0,0,0,0,0,1,0,0,0,0,0,1,10,0,0,0,0,0,0,0,
2020-09-23,191,2,0,26,12,2,0,4,24,12,7,2,3,11,47,0,0,3,8,1,0,2,0,0,5,5,13,1,1,4,0,0,3,0,4,0,0,1,0,0,0,1,8,0,43,2,0,5,0,1,0,1,2,1,0,1,4,0,0,0,0,0,0,1,0,0,0,1,0,0,0,0,0,0,0,0,0,1,0,0,0,0,0,1,10,0,0,0,0,0,0,0,
2020-09-24,191,2,0,26,12,2,0,4,24,12,7,2,3,11,47,0,0,3,8,1,0,2,0,0,5,5,13,1,1,4,0,0,3,0,4,0,0,1,0,0,0,1,8,0,44,2,0,5,0,1,0,1,2,1,0,1,4,0,0,0,0,0,0,1,0,0,0,1,0,0,0,0,0,0,0,0,0,1,0,0,0,0,0,1,10,0,0,0,0,0,0,0,
2020-09-25,193,2,0,26,12,2,0,4,24,12,7,4,3,12,47,0,0,3,8,1,0,2,0,0,5,5,13,1,1,4,0,0,3,0,4,0,0,1,0,0,0,1,8,0,44,2,0,5,0,1,0,1,2,1,0,1,4,0,0,0,0,0,0,1,0,0,0,1,0,0,0,0,0,0,0,0,0,1,0,0,0,0,0,1,10,0,0,0,0,0,0,0,0
2020-09-26,193,2,0,26,12,2,0,4,24,12,7,4,3,12,47,0,0,3,8,1,0,2,0,0,5,5,13,1,1,4,0,0,3,0,4,0,0,1,0,0,0,1,8,0,44,2,0,5,0,1,0,2,2,1,0,1,4,0,0,0,0,0,0,1,0,0,0,1,0,0,0,0,0,0,0,0,0,1,0,0,0,0,0,1,10,0,0,0,0,0,0,0,0
2020-09-27,193,2,0,26,12,2,0,4,24,12,7,4,3,12,47,0,0,4,8,1,0,2,0,0,5,5,13,1,1,4,0,0,3,0,4,0,0,1,0,0,0,1,8,0,44,2,0,5,0,1,0,2,2,1,0,1,4,0,0,0,0,0,0,1,0,0,0,1,0,0,0,0,0,0,0,0,0,1,0,0,0,0,0,1,10,0,0,0,0,0,0,0,0
2020-09-28,193,2,0,26,12,2,0,5,24,12,7,4,3,12,47,0,0,4,8,1,0,2,0,0,5,5,13,1,1,4,0,0,3,0,4,0,0,1,0,0,0,1,8,0,44,2,0,5,0,1,0,2,2,1,0,2,4,0,0,0,0,0,0,1,0,0,0,1,0,0,0,0,0,0,0,0,0,1,0,0,0,0,0,1,10,0,0,0,0,0,0,0,0
2020-09-29,194,2,0,26,12,4,0,6,24,13,7,4,3,12,47,0,0,4,8,1,0,2,0,0,5,5,13,1,1,4,0,0,3,0,4,0,0,1,0,0,0,1,8,0,44,2,0,5,0,1,0,2,2,1,0,2,4,0,0,0,0,0,0,1,0,0,0,1,0,0,0,0,0,0,0,0,0,1,0,1,0,0,0,1,10,0,0,0,0,0,0,0,0
2020-09-30,194,2,0,26,12,4,0,6,24,13,7,4,3,12,47,0,0,4,8,1,0,2,0,0,5,5,13,1,1,4,0,0,3,0,4,0,0,1,0,0,0,1,8,0,44,2,0,5,0,1,0,2,2,1,0,2,4,0,0,0,0,0,0,1,0,0,0,1,0,0,0,0,0,0,0,0,0,1,0,1,0,0,0,1,10,0,0,0,0,0,0,0,0
2020-10-01,195,3,0,27,12,4,0,6,24,13,7,4,3,12,47,0,0,4,8,1,0,2,0,0,5,5,13,1,1,4,0,0,3,0,4,0,1,1,0,0,0,1,8,0,44,2,0,5,0,1,0,2,2,1,0,2,4,0,0,0,0,0,0,1,0,0,0,1,0,0,0,0,0,0,0,0,0,1,0,1,0,0,0,1,10,0,0,0,0,0,0,0,0
2020-10-02,196,3,0,27,12,4,0,6,24,13,7,4,3,12,47,0,0,4,8,1,0,2,0,0,5,5,13,1,1,4,0,0,3,0,4,0,1,1,0,0,0,1,8,0,44,2,0,5,0,1,0,2,2,1,0,2,4,0,0,0,0,0,0,1,0,0,0,1,0,0,0,0,0,0,0,0,0,1,0,1,0,0,0,1,10,0,0,0,0,0,0,0,0
